account name,2010,2011,2012,2013,2014,2015,2016,2017,2018,2019,2020,2021,2022
Operating revenues,10218230,9870284,10031666,11138182,12157528,12184202,13950018,18567282,22770582,25805090,31912366,37087963,44273344
Operating costs,-5657680,-5426180,-5879666,-6467426,-6786836,-7120182,-7919651,-11313234,-14556694,-16361831,-19447645,-21636521,-26038133
Gross profit,4560550,4444104,4152000,4670756,5370692,5064020,6030367,7254048,8213888,9443259,12464721,15451442,18235211
Other operating income,368327,304645,279988,154837,163051,192295,353136,308493,344600,470936,468751,562552,535426
Selling and distribution expenses,-902647,-872419,-937171,-1169715,-1316215,-1389056,-1201002,-1627203,-2548074,-2567745,-3159700,-3313859,-3715998
General and administrative expenses,-1464533,-1182120,-1464782,-1512076,-1811119,-1828350,-2562925,-2547729,-2439642,-4647250,-3344346,-3766869,-4366805
Other operating expenses,-107634,-57571,-110612,-238015,-382622,-502151,-628330,-1364151,-197837,-150045,-531968,-234630,-171145
Expected credit loss provision,0,0,0,0,0,0,0,0,0,0,0,-44587,-479215
Operating profit,2454063,2636639,1919423,1905787,2023787,1536758,1991246,2023458,3372935,2549155,5897458,8654049,10037474
Finance income,261883,443135,572305,890587,397164,347417,1043417,113223,187019,1679338,94217,659680,189481
Finance cost,-422008,-419585,-200975,-12338,-166660,-47231,-350180,-759241,-1499017,-1564811,-1573865,-1531060,-2267173
Net finance(cost ) /income,-160125,23550,371330,878249,230504,300186,693237,-646018,-1311998,114527,-1479648,-871380,-2077692
Share of profit of equity accounted investees,1343511,899192,875543,968599,829480,1118169,668390,2337269,2200602,2832938,2206234,3343123,2695038
Net profit before tax ,3637449,3559381,3166296,3752635,3083771,2955113,3352873,3714709,4261539,5496620,6624044,11125792,10654820
Income tax expense,-638210,-725233,-628078,-717858,-787374,-500830,-467350,-520204,-310695,-847365,-756022,-1971893,-1602952
Deferred tax expense,146470,159343,83541,-74538,-876602,545180,-212926,-138948,-646992,-243365,-1011260,-733301,135588
Total income tax,-491740,-565890,-544537,-792396,-1663976,44350,-680276,-659152,-957687,-1090730,-1767282,-2705194,-1467364
Net profit ,3145709,2993491,2621759,2960239,1419795,2999463,2672597,3055557,3303852,4405890,4856762,8420598,9187456
Owners of the company,3143254,2992879,2619785,2958449,1416683,2997413,2670277,3051919,3296714,4399125,4850112,8417067,9182184
Non-controlling interest ,2455,612,1974,1790,3112,2050,2320,3638,7138,6765,6650,3531,5272
Net profit ,3145709,2993491,2621759,2960239,1419795,2999463,2672597,3055557,3303852,4405890,4856762,8420598,9187456
Basic and diluted earning per share ( L.E./Share),2,2,1,1,1,1,1,1,2,2,2,4,5
Fixed assets ,14739939,13216419,12070877,11150627,11069724,11690937,14238001,18253401,21520454,29728055,38140665,42072707,49784679
Rental customer,0,0,0,0,0,0,0,0,0,0,0,1377612,1348006
Projects in progress,1698772,1568962,617634,486258,1210051,2077482,7418288,2911397,5429756,6828631,6582100,6219062,14009576
Investments in associates,7403456,7559382,7654741,8592328,9375318,10462026,9452591,11746262,13452011,10818196,12306547,10936209,12184892
Financial assets at fair value through other comprehensive income,96869,99319,99319,100319,99014,98639,81273,77568,79811,79811,74856,74856,74856
Debtors and other debit balances,15000,15000,0,0,0,0,0,0,74672,60072,53334,48203,67921
Other assets ,104127,141678,966450,953828,1045662,1081442,1391327,10341724,10614207,10119638,9444330,12495410,15549087
Deferred tax assets,156209,315552,399093,324555,0,350763,418502,397437,239160,213188,131959,0,0
Total non current assets,24214372,22916312,21808114,21607915,22799769,25761289,32999982,43727789,51410071,57847591,66733791,73224059,93019017
Inventories,459275,449974,440207,458620,438050,556880,662097,1183773,1788922,2353882,2092242,2341976,4280512
Trade and notes receivable,2121030,2399983,2234654,3450545,3748571,4611579,5084681,4371697,4378759,5275556,7287380,5879356,8154841
Debtors and other debit balances,1438541,1613467,1489574,1395902,1497051,1412071,1903341,2712079,5200654,6315453,6305730,5461235,7628275
Debit accounts to associates,0,0,0,0,0,0,0,0,0,0,0,0,0
Financial assets at amortized cost ( treasury bills),0,0,70618,99246,1093688,173338,144428,113320,105488,25829,0,0,0
Cash and cash equivalents,4976261,5605226,6342289,5662378,2716259,2413451,1035999,524209,892775,1433184,2003432,2983337,6811305
Total current assets,8995107,10068650,10577342,11066691,9493619,9167319,8830546,8905078,12366598,15403904,17688784,16665904,26874933
Total assets,33209479,32984962,32385456,32674606,32293388,34928608,41830528,52632867,63776669,73251495,84422575,89889963,119893950
Capital,17070716,17070716,17070716,17070716,17070716,17070716,17070716,17070716,17070716,17070716,17070716,17070716,17070716
Reserves,5757210,5923768,6059758,6187926,6349762,6380134,4446874,4642354,4695606,4762625,5029317,5138897,5490375
Retained earnings,5027793,5238061,4916371,5030728,4070270,5508940,8055791,8575030,10342231,13382616,16670695,22147270,23289323
Interim dividends,0,0,0,0,-736209,0,0,0,0,0,0,0,0
Foreign entities translation reserve,-2,398,2065,10088,3009,4310,161357,189443,176729,-10623,-25489,-40563,402277
Equity attributable to owners of the company,27855717,28232943,28048910,28299458,26757548,28964100,29734738,30477543,32285282,35205334,38745239,44316320,46252691
Non - controlling interest ,20000,18397,18349,16493,16623,10330,10696,12135,15820,15803,16028,13240,15159
Total Equity,27875717,28251340,28067259,28315951,26774171,28974430,29745434,30489678,32301102,35221137,38761267,44329560,46267850
Cash receipts from customers and nots receivables,7968008,6980996,6938076,8015563,8309148,8730173,12204029,15262881,21008454,24394037,30188819,38637993,45143082
Value added tax collected from customers,428189,372376,356694,294043,253500,224444,269287,370112,412710,493921,0,0,0
Stamp tax and fees collected (from third party),52522,47889,40231,34607,31579,31375,30763,29436,32070,34285,38700,73906,77496
Deposits collected from customers,-24455,-20657,-12943,-8468,-4225,-1951,5767,257,1009,2936,2111,41902,57206
Cash paid to suppliers ,-754373,-733952,-630593,-756028,-589937,-1218543,-1495290,-2589706,-5154249,-8395379,-9767685,-10175729,-12114469
Payments for NTRA license fees,0,0,0,-150080,-452869,-409869,-314301,-439000,-604355,-736585,-888077,-1358706,-1535510
Payment For the Obligations of financial Leasing,-25330,-11239,-6172,-1175,-15,0,0,0,0,0,0,0,0
Cash paid to Board of Directors,-307563,-375645,-430753,-493477,-690595,-527887,-601901,-329234,-374267,-96288,-11425,-13070,-30809
Cash paid to employees ,-1864766,-2087900,-2123962,-2432175,-2486033,-2920565,-3466784,-3867121,-4603676,-7060502,-5667593,-5822077,-7263205
Cash paid on behalf of employees to third party,-399256,-407836,-422902,-453338,-444040,-538604,-726043,-682678,-825476,-1051627,-1084120,-1144926,-1330868
Cash provided by operating activities,5072976,3764032,3707676,4049472,3926513,3368573,5905527,7754947,9892220,7584798,12810730,20239293,23002923
Interest paid,-28280,-20507,-20573,-14112,-8920,-9037,-8007,-325226,-921712,-1010484,-1056128,-1005854,-1081759
Payments to Tax Authority - income tax,-701368,-850241,-809481,-579713,-658114,-709356,-318920,-274981,-292042,-127983,-356246,-602676,-1063628
Payments to Tax Authority - value added tax,-391941,-487282,-503416,-490565,-774519,-561945,-825561,-1859081,-2467970,-1635336,-1410957,-1383447,-2271621
Payments to Tax Authority - other taxes,0,0,-107492,-339817,-423173,-468784,-501651,-676764,-978400,-1491021,-1464812,-1712829,-2478362
Cash paid to third parties for claims ,0,0,0,0,0,0,0,0,-919278,0,0,0,0
Provisions used,0,0,0,0,0,0,0,0,0,-11746,0,0,0
Cash paid on long-term liabilities,0,0,0,0,0,0,0,0,-784389,0,0,0,0
Other proceeds (payment),409627,196094,548551,-541837,-265820,-22567,86723,30562,-32868,-316856,-225267,481000,-1519126
Net cash provided by operating activities,4361014,2602096,2815265,2083428,1795967,1596884,4338111,4649457,3495561,2991372,8297320,16015487,14588427
Payments for purchase of fixed assets and  projects in progress  ,-1085833,-688614,-515834,-756001,-1584313,-2609234,-3311721,-6088007,-8027576,-9664893,-11037767,-11162310,-13742811
Payments for purchase of other assets ,0,0,0,0,0,0,-5293798,-1419828,-780178,-747744,-730953,-2476050,-5137723
Proceeds form sales of fixed assets and other assets,1339,1088,994,523,726,350,846,149,66,48,21,7555,317
Payments for lease liabilities,0,0,0,0,0,0,0,0,0,0,0,0,0
Payments for acquisition of investments,-78112,0,-70618,-1000,-2500,-8849,-7,0,-993465,-56867,0,0,0
Payments for purchase of financial assets at amortized cost - treasury bills,0,0,0,-127527,-2192191,-514377,-363906,-222174,-219517,-34358,-9566,0,-596933
Interest received,92402,49321,69905,55616,32029,34849,48160,55014,44785,55538,16364,10520,45694
Dividends collected from investments,1353547,675691,706438,34755,36659,32516,1437968,37753,453595,5067193,621900,4053686,1173620
Proceeds from sale available for sale investment,0,0,0,0,0,0,11183,0,7,0,36972,0,0
Proceeds from retrieval of held-to-maturity investment - treasury bills,0,0,0,0,1111137,1424522,395075,261861,227472,108957,0,0,609055
Proceeds from sales of financial assets at amortized cost - treasury bills,109555,344728,314553,376023,300065,181768,70737,15611,22411,10702,11094,14054,17060
Net cash used in investing activities,392898,382214,505438,-417611,-2298388,-1458455,-7005463,-7359621,-9272400,-5261424,-11091935,-9552545,-17631721
Minority Payments to Subsidiaries Capital Increase,0,0,0,0,0,0,0,0,0,0,0,0,0
Proceeds / (payments) from loans,-184529,-127863,-168350,-130134,-94454,-78222,-69202,-133969,-48090,-4248748,-1470544,6411315,3619163
Payments for loans,0,0,0,0,0,0,0,0,0,0,0,0,0
Proceeds from payment of capital ,0,0,0,0,0,0,0,0,0,0,0,0,0
Payment of banks credit accounts,0,-1646,0,0,0,0,0,0,0,0,0,0,0
Proceeds /  (payments) for other facilities,0,0,0,0,10173,0,2581548,4033067,6633922,7410702,5368974,-10313327,5166680
Change in long term obligations,0,-150,1973,0,0,0,0,0,0,0,0,0,0
Payments for lease liabilities contracts,0,0,0,0,0,0,0,0,0,0,0,-282246,-304746
Dividends paid to Shareholders,-2044633,-2241041,-2418283,-2222384,-2354812,-357410,-1281920,-1708896,-429927,-432683,-479457,-1285894,-1709301
Net cash (used in) provided by financing activities,-2229162,-2370700,-2584660,-2352518,-2439093,-435632,1230426,2190202,6155905,2729271,3418973,-5470152,6771796
Net change in cash and cash equivalents during the period,2524750,613610,736043,-686701,-2941514,-297203,-1436926,-519962,379066,459219,624358,992790,3728502
Translation differences of foreign entities,434,191,1656,5548,-3826,2249,57792,2022,-12447,-21383,1194,-6740,100296
Cash and cash equivalents at the beginning of the period,2448632,4973816,5587758,6325457,5644304,2698964,2404010,1024876,506936,873555,1311391,1936943,2922993
Cash and cash equivalents at the end of the period,4973816,5587617,6325457,5644304,2698964,2404010,1024876,506936,873555,1311391,1936943,2922993,6751791
Cost of sales ratio,,0.55,0.59,0.58,0.56,0.58,0.57,0.61,0.64,0.63,0.61,0.58,0.59
Assets turnover rate,,0.30,0.31,0.34,0.37,0.36,0.36,0.39,0.39,0.38,0.40,0.43,0.42
Inventory turnover rate,,11.94,13.21,14.39,15.14,14.31,12.99,12.26,9.79,7.90,8.75,9.76,7.86
average inventory period,,30.58,27.63,25.36,24.11,25.50,28.09,29.78,37.27,46.21,41.72,37.40,46.42
Receivables turnover rate,,2.61,2.59,2.60,2.41,2.16,2.14,2.64,2.73,2.44,2.53,2.97,3.26
Average Collection Period,,140.02,140.77,140.43,151.49,168.80,170.22,138.31,133.55,149.72,144.02,122.69,111.81
Gross Profit percentage,,0.45,0.41,0.42,0.44,0.42,0.43,0.39,0.36,0.37,0.39,0.42,0.41
Sales profit margin,,0.24,0.16,0.16,0.15,0.11,0.12,0.09,0.13,0.08,0.17,0.22,0.23
operating profit rate,,0.24,0.27,0.19,0.17,0.17,0.13,0.14,0.11,0.15,0.10,0.18,0.23
Return on assets,,0.09,0.08,0.09,0.04,0.09,0.07,0.06,0.06,0.06,0.06,0.10,0.09
Return on invested assets,,0.15,0.11,0.11,0.12,0.09,0.12,0.12,0.20,0.15,0.35,0.51,0.59
Return on invested,,0.15,0.11,0.11,0.12,0.09,0.12,0.12,0.20,0.15,0.35,0.51,0.59
returne on equity,,0.11,0.09,0.11,0.05,0.11,0.09,0.10,0.11,0.13,0.13,0.20,0.20
current ratio,,2.49,2.83,2.86,2.07,1.74,0.82,0.46,0.48,0.58,0.51,0.63,0.61
quick ratio,,2.38,2.70,2.71,1.74,1.60,0.75,0.39,0.41,0.49,0.45,0.54,0.51
debit to asset ratio,,0.14,0.13,0.13,0.17,0.17,0.29,0.42,0.49,0.52,0.54,0.51,0.61
Debt to equity ratio,,0.17,0.15,0.15,0.21,0.21,0.41,0.73,0.97,1.08,1.18,1.03,1.59
short-term debt to total equity ratio,,0.14,0.13,0.14,0.17,0.18,0.36,0.64,0.79,0.75,0.89,0.59,0.96
assets coverage ratio,,4.06,4.38,4.21,2.90,2.62,1.02,0.35,0.26,0.49,0.46,0.71,0.44
